tourContentId,kakaoPlaceId,kakaoPlaceUrl
125669,8206502,https://place.map.kakao.com/8206502
125694,7960891,https://place.map.kakao.com/7960891
125697,8464731,https://place.map.kakao.com/8464731
125748,10190745,https://place.map.kakao.com/10190745
125766,25147102,https://place.map.kakao.com/25147102
125790,10158575,https://place.map.kakao.com/10158575
125800,26979861,https://place.map.kakao.com/26979861
126898,12464380,https://place.map.kakao.com/12464380
127722,7987002,https://place.map.kakao.com/7987002
127922,19585173,https://place.map.kakao.com/19585173
127951,8143646,https://place.map.kakao.com/8143646
127975,8654759,https://place.map.kakao.com/8654759
128721,8061267,https://place.map.kakao.com/8061267
128727,8398420,https://place.map.kakao.com/8398420
128728,8004666,https://place.map.kakao.com/8004666
128757,11164998,https://place.map.kakao.com/11164998
128758,8199114,https://place.map.kakao.com/8199114
129179,25050525,https://place.map.kakao.com/25050525
129584,13087101,https://place.map.kakao.com/13087101
129585,8416134,https://place.map.kakao.com/8416134
129784,12464549,https://place.map.kakao.com/12464549
130057,7815271,https://place.map.kakao.com/7815271
130878,19973450,https://place.map.kakao.com/19973450
131037,15147892,https://place.map.kakao.com/15147892
264370,18097384,https://place.map.kakao.com/18097384
585522,8680336,https://place.map.kakao.com/8680336
585526,27578139,https://place.map.kakao.com/27578139
585585,25040064,https://place.map.kakao.com/25040064
1318353,238316347,https://place.map.kakao.com/238316347
1625166,8073113,https://place.map.kakao.com/8073113
1869883,1389585354,https://place.map.kakao.com/1389585354
1913089,825850747,https://place.map.kakao.com/825850747
2396259,26319786,https://place.map.kakao.com/26319786
2414769,25856200,https://place.map.kakao.com/25856200
2414791,14862993,https://place.map.kakao.com/14862993
2465063,934325618,https://place.map.kakao.com/934325618
2494745,2045844394,https://place.map.kakao.com/2045844394
2550106,19562879,https://place.map.kakao.com/19562879
2554069,1412617570,https://place.map.kakao.com/1412617570
2588752,2058461010,https://place.map.kakao.com/2058461010
2605193,1995540275,https://place.map.kakao.com/1995540275
2605196,8038228,https://place.map.kakao.com/8038228
2628994,,
2687981,1205517587,https://place.map.kakao.com/1205517587
2702476,26558665,https://place.map.kakao.com/26558665
2702478,26558667,https://place.map.kakao.com/26558667
2702497,26564219,https://place.map.kakao.com/26564219
2706817,8678698,https://place.map.kakao.com/8678698
2714439,17788389,https://place.map.kakao.com/17788389
2714722,26136002,https://place.map.kakao.com/26136002
2714729,11883021,https://place.map.kakao.com/11883021
2717933,611717157,https://place.map.kakao.com/611717157
2721544,27478823,https://place.map.kakao.com/27478823
2731193,7992608,https://place.map.kakao.com/7992608
2753136,907258198,https://place.map.kakao.com/907258198
2764935,25971936,https://place.map.kakao.com/25971936
2774698,539244312,https://place.map.kakao.com/539244312
2775531,1865594556,https://place.map.kakao.com/1865594556
2776846,15259951,https://place.map.kakao.com/15259951
2900682,7927702,https://place.map.kakao.com/7927702
2946241,12644363,https://place.map.kakao.com/12644363
2990291,27327554,https://place.map.kakao.com/27327554
3351277,17439268,https://place.map.kakao.com/17439268
3351715,2091877015,https://place.map.kakao.com/2091877015
3406885,15259951,https://place.map.kakao.com/15259951
3532370,12464741,https://place.map.kakao.com/12464741
3545967,11164998,https://place.map.kakao.com/11164998
3546554,25036810,https://place.map.kakao.com/25036810
3547638,8129017,https://place.map.kakao.com/8129017
